Nombre,Apellido,Correo,Genero,Provincia,Comunidad Autonoma
Rebekan,BISSAILLON NORRBOM,NuhaBAHNSONLARDER@Gmail.com,F,Cuenca,Región de Murcia
Selim,BAHNSON LARDER,KhalinAROSEMENAHEIDENRICH@Gmail.com,F,Lleida,Cantabria
Faisa,BISSAILLON NORRBOM,TheopalSTREICHLEGARDE@Gmail.com,F,Madrid,Principado de Asturias
Shawntina,GOTTESFELD MANAN,GenavieRUDZITISLOULA@Gmail.com,F,Girona,Comunidad de Madrid
Yukari,JELLIFF TERK,SwadhaBARCZYNSKIFRANCOS@Gmail.com,F,Cuenca,Cantabria
Faisa,BAHNSON LARDER,JasmelyROTTKAMPHERMIS@Gmail.com,F,Palencia,Extremadura
Shawntina,LANDSIEDEL BEELS,SchwandaGOTTESFELDMANAN@Gmail.com,M,Madrid,Castilla-La Mancha
Xavia,JELLIFF TERK,NuhaBAHNSONLARDER@Gmail.com,F,Lleida,Extremadura
Khalin,LANDSIEDEL BEELS,NuhaBAHNSONLARDER@Gmail.com,F,Baleares,Comunidad de Madrid
Nuha,RUDZITIS LOULA,TheopalSTREICHLEGARDE@Gmail.com,M,Lugo,Cantabria
Theopal,LANDSIEDEL BEELS,ShawntinaLANDSIEDELBEELS@Gmail.com,F,Asturias,La Rioja
Khalin,BARCZYNSKI FRANCOS,ShawntinaLANDSIEDELBEELS@Gmail.com,F,Palencia,Castilla y León
Nuha,ROIS LYNTON,RebekanSTAHNHAUSAM@Gmail.com,F,Madrid,Cantabria
Selim,ROIS LYNTON,YukariJELLIFFTERK@Gmail.com,F,Asturias,Castilla y León
Khalin,STREICH LEGARDE,XaviaROISLYNTON@Gmail.com,F,Asturias,Canarias
Shawntina,JELLIFF TERK,TheopalSTREICHLEGARDE@Gmail.com,F,Ceuta,Principado de Asturias
Shawntina,REITZELL COSKEY,QuanterraCUMPTONHILGEMANN@Gmail.com,F,La Rioja,Comunidad de Madrid
Khalin,STREICH LEGARDE,KhalinAROSEMENAHEIDENRICH@Gmail.com,F,Baleares,Castilla-La Mancha
Schwanda,ROTTKAMP HERMIS,ShawntinaLANDSIEDELBEELS@Gmail.com,F,La Rioja,Cataluña
Effy,CUMPTON HILGEMANN,EffyVERBRUGGEMALSBURY@Gmail.com,F,Cuenca,Región de Murcia
Theopal,RUDZITIS LOULA,YukariJELLIFFTERK@Gmail.com,M,Madrid,La Rioja
Selim,VERBRUGGE MALSBURY,SelimBISSAILLONNORRBOM@Gmail.com,F,Castellón,Canarias
Faisa,JELLIFF TERK,ShawntinaLANDSIEDELBEELS@Gmail.com,F,Asturias,La Rioja
Quanterra,ROTTKAMP HERMIS,ShawntinaLANDSIEDELBEELS@Gmail.com,F,Ceuta,Canarias
Swadha,JELLIFF TERK,FaisaREITZELLCOSKEY@Gmail.com,F,Cádiz,Castilla-La Mancha
Jasmely,BISSAILLON NORRBOM,SelimBISSAILLONNORRBOM@Gmail.com,F,Asturias,Principado de Asturias
Nuha,STAHN HAUSAM,SchwandaGOTTESFELDMANAN@Gmail.com,F,Asturias,Extremadura
Yukari,CUMPTON HILGEMANN,RebekanSTAHNHAUSAM@Gmail.com,F,Cádiz,Aragón
Genavie,JELLIFF TERK,XaviaROISLYNTON@Gmail.com,F,Castellón,Principado de Asturias
Effy,REITZELL COSKEY,ShawntinaLANDSIEDELBEELS@Gmail.com,F,Huelva,Cataluña
Schwanda,BISSAILLON NORRBOM,SwadhaBARCZYNSKIFRANCOS@Gmail.com,F,Girona,Extremadura
Selim,BAHNSON LARDER,GenavieRUDZITISLOULA@Gmail.com,F,Castellón,Aragón
Nuha,CUMPTON HILGEMANN,ShawntinaLANDSIEDELBEELS@Gmail.com,F,Madrid,Principado de Asturias
Nuha,ROIS LYNTON,TheopalSTREICHLEGARDE@Gmail.com,F,La Rioja,Región de Murcia
Jasmely,BAHNSON LARDER,FaisaREITZELLCOSKEY@Gmail.com,F,Huelva,Ciudad Autónoma de Ceuta
Swadha,VERBRUGGE MALSBURY,QuanterraCUMPTONHILGEMANN@Gmail.com,F,Ceuta,Principado de Asturias
Rebekan,GOTTESFELD MANAN,SchwandaGOTTESFELDMANAN@Gmail.com,F,Girona,Comunidad de Madrid
Swadha,AROSEMENA HEIDENRICH,ShawntinaLANDSIEDELBEELS@Gmail.com,F,Madrid,Principado de Asturias
Nuha,ROTTKAMP HERMIS,KhalinAROSEMENAHEIDENRICH@Gmail.com,F,Huelva,Castilla y León
Jasmely,STREICH LEGARDE,QuanterraCUMPTONHILGEMANN@Gmail.com,F,Huelva,Principado de Asturias
Quanterra,STREICH LEGARDE,KhalinAROSEMENAHEIDENRICH@Gmail.com,F,Palencia,Comunidad de Madrid
Selim,LANDSIEDEL BEELS,NuhaBAHNSONLARDER@Gmail.com,F,Baleares,Extremadura
Khalin,LANDSIEDEL BEELS,RebekanSTAHNHAUSAM@Gmail.com,F,Lleida,Principado de Asturias
Xavia,BAHNSON LARDER,QuanterraCUMPTONHILGEMANN@Gmail.com,F,Lleida,Castilla y León
Theopal,BARCZYNSKI FRANCOS,NuhaBAHNSONLARDER@Gmail.com,F,Ceuta,Cataluña
Quanterra,STAHN HAUSAM,YukariJELLIFFTERK@Gmail.com,M,Girona,Castilla y León
Faisa,JELLIFF TERK,RebekanSTAHNHAUSAM@Gmail.com,F,Ceuta,Principado de Asturias
Shawntina,STAHN HAUSAM,SwadhaBARCZYNSKIFRANCOS@Gmail.com,F,Baleares,Comunidad de Madrid
Nuha,ROTTKAMP HERMIS,RebekanSTAHNHAUSAM@Gmail.com,F,Castellón,Comunidad de Madrid
Khalin,BISSAILLON NORRBOM,QuanterraCUMPTONHILGEMANN@Gmail.com,M,La Rioja,Región de Murcia
